event_id,description,type,implied_prob,model_prob,alpha,status,source,volume_usd
wc2026_winner,FIFA WC 2026 winner,sports,0.5008774966597412,0.5598822961363732,0.05900479947663195,ALIGNED,fallback,
fed_rate_june,Fed rate decision June 2026,economics,0.5150864363338794,0.46878116827403626,-0.04630526805984314,ALIGNED,fallback,
fed_rate_july,Fed rate decision July 2026,economics,0.4996296943118601,0.5515917890859001,0.05196209477404001,ALIGNED,fallback,
us_recession_2026,US recession probability 2026,economics,0.4875223045924318,0.4354066541442148,-0.05211565044821698,ALIGNED,fallback,
ai_agi_2026,AGI milestone by end 2026,technology,0.5291320353310531,0.5004737575961721,-0.028658277734881055,ALIGNED,fallback,
btc_100k_2026,BTC reaches $100k in 2026,crypto,0.47786714840660144,0.4946096851280653,0.016742536721463863,ALIGNED,fallback,
sp500_5000_eoy,S&P 500 above 5000 end 2026,finance,0.4506258029968505,0.468958641838262,0.018332838841411514,ALIGNED,fallback,
ukraine_ceasefire_2026,Ukraine ceasefire agreement,geopolitics,0.5472672775208656,0.47880158006673207,-0.0684656974541335,ALIGNED,fallback,
