event_id,description,type,implied_prob,model_prob,alpha,status,source,volume_usd
wc2026_winner,FIFA WC 2026 winner,sports,0.4946078495031649,0.47987092422132505,-0.014736925281839841,ALIGNED,fallback,
fed_rate_june,Fed rate decision June 2026,economics,0.4910094082495111,0.44776451783289695,-0.04324489041661417,ALIGNED,fallback,
fed_rate_july,Fed rate decision July 2026,economics,0.4553949585185246,0.4286897182152634,-0.026705240303261157,ALIGNED,fallback,
us_recession_2026,US recession probability 2026,economics,0.5433025205554359,0.4854516658891828,-0.057850854666253115,ALIGNED,fallback,
ai_agi_2026,AGI milestone by end 2026,technology,0.46847560598496535,0.40787486749290647,-0.06060073849205888,ALIGNED,fallback,
btc_100k_2026,BTC reaches $100k in 2026,crypto,0.5245197796925564,0.55735310042623,0.03283332073367362,ALIGNED,fallback,
sp500_5000_eoy,S&P 500 above 5000 end 2026,finance,0.5212328578878095,0.5487883096752959,0.027555451787486418,ALIGNED,fallback,
ukraine_ceasefire_2026,Ukraine ceasefire agreement,geopolitics,0.5222062138848808,0.5355698599095193,0.013363646024638576,ALIGNED,fallback,
