event_id,description,type,implied_prob,model_prob,alpha,status,source,volume_usd
wc2026_winner,FIFA WC 2026 winner,sports,0.46209232216245844,0.4157443716302752,-0.04634795053218321,ALIGNED,fallback,
fed_rate_june,Fed rate decision June 2026,economics,0.4645300315170174,0.5142705739068213,0.04974054238980391,ALIGNED,fallback,
fed_rate_july,Fed rate decision July 2026,economics,0.46725840321082796,0.39907587655857546,-0.0681825266522525,ALIGNED,fallback,
us_recession_2026,US recession probability 2026,economics,0.4808020387971858,0.4891475617961497,0.008345522998963906,ALIGNED,fallback,
ai_agi_2026,AGI milestone by end 2026,technology,0.4800291610097318,0.5545377768470817,0.07450861583734991,ALIGNED,fallback,
btc_100k_2026,BTC reaches $100k in 2026,crypto,0.4525008762502522,0.4314927349885228,-0.021008141261729396,ALIGNED,fallback,
sp500_5000_eoy,S&P 500 above 5000 end 2026,finance,0.49394885529445226,0.5569230673966157,0.06297421210216342,ALIGNED,fallback,
ukraine_ceasefire_2026,Ukraine ceasefire agreement,geopolitics,0.4867996230055162,0.48599534918893517,-0.000804273816581047,ALIGNED,fallback,
