{"Mexico football": {"val": 15.824175824175825, "ts": 1777146624.2280893}, "South Africa football": {"val": 9.54945054945055, "ts": 1777146624.2280893}, "South Korea football": {"val": 3.89010989010989, "ts": 1777146624.2280893}, "Czechia football": {"val": 0.8021978021978022, "ts": 1777146624.2280893}, "Canada football": {"val": 20.406593406593405, "ts": 1777146624.2280893}, "Bosnia football": {"val": 1.4945054945054945, "ts": 1777146628.8507056}, "Ukraine football": {"val": 2.6043956043956045, "ts": 1777146628.8507056}, "Switzerland football": {"val": 2.2857142857142856, "ts": 1777146628.8507056}, "Brazil football": {"val": 9.307692307692308, "ts": 1777146628.8507056}, "Morocco football": {"val": 2.67032967032967, "ts": 1777146628.8507056}, "Chile football": {"val": 7.934065934065934, "ts": 1777146633.453519}, "Scotland football": {"val": 17.0, "ts": 1777146633.453519}, "USA football": {"val": 30.043956043956044, "ts": 1777146633.453519}, "Paraguay football": {"val": 2.4175824175824174, "ts": 1777146633.453519}, "Australia football": {"val": 27.75824175824176, "ts": 1777146633.453519}, "Turkey football": {"val": 12.296703296703297, "ts": 1777146637.6435428}, "Germany football": {"val": 20.78021978021978, "ts": 1777146637.6435428}, "Sweden football": {"val": 6.9010989010989015, "ts": 1777146637.6435428}, "Ivory Coast football": {"val": 1.065934065934066, "ts": 1777146637.6435428}, "Ecuador football": {"val": 3.3956043956043955, "ts": 1777146637.6435428}, "Netherlands football": {"val": 9.10989010989011, "ts": 1777146642.9070141}, "Japan football": {"val": 23.483516483516482, "ts": 1777146642.9070141}, "Peru football": {"val": 4.3076923076923075, "ts": 1777146642.9070141}, "Tunisia football": {"val": 2.10989010989011, "ts": 1777146642.9070141}, "Belgium football": {"val": 6.637362637362638, "ts": 1777146642.9070141}, "Egypt football": {"val": 9.197802197802197, "ts": 1777146647.3833494}, "Iran football": {"val": 27.373626373626372, "ts": 1777146647.3833494}, "New Zealand football": {"val": 5.516483516483516, "ts": 1777146647.3833494}, "Spain football": {"val": 21.615384615384617, "ts": 1777146647.3833494}, "Venezuela football": {"val": 3.120879120879121, "ts": 1777146647.3833494}, "Saudi Arabia football": {"val": 2.065934065934066, "ts": 1777146651.5801003}, "Uruguay football": {"val": 1.4395604395604396, "ts": 1777146651.5801003}, "France football": {"val": 13.758241758241759, "ts": 1777146651.5801003}, "Senegal football": {"val": 1.032967032967033, "ts": 1777146651.5801003}, "Iraq football": {"val": 1.3846153846153846, "ts": 1777146651.5801003}, "Norway football": {"val": 5.648351648351649, "ts": 1777146655.812824}, "Argentina football": {"val": 17.24175824175824, "ts": 1777146655.812824}, "Algeria football": {"val": 3.10989010989011, "ts": 1777146655.812824}, "Austria football": {"val": 4.263736263736264, "ts": 1777146655.812824}, "Colombia football": {"val": 9.527472527472527, "ts": 1777146655.812824}, "Portugal football": {"val": 5.824175824175824, "ts": 1777146660.0801213}, "DR Congo football": {"val": 0.37362637362637363, "ts": 1777146660.0801213}, "Uzbekistan football": {"val": 0.967032967032967, "ts": 1777146660.0801213}, "Denmark football": {"val": 1.7362637362637363, "ts": 1777146660.0801213}, "England football": {"val": 12.659340659340659, "ts": 1777146660.0801213}, "Croatia football": {"val": 10.263736263736265, "ts": 1777146665.6128268}, "Ghana football": {"val": 16.076923076923077, "ts": 1777146665.6128268}, "Panama football": {"val": 6.5054945054945055, "ts": 1777146665.6128268}, "solar_energy": {"val": 90.0, "ts": 1777146671.128545}, "ai_agents": {"val": 39.0, "ts": 1777146677.3266203}, "weight_loss_drugs": {"val": 36.0, "ts": 1777146682.5878718}, "pickleball": {"val": 68.21978021978022, "ts": 1777146687.8387902}, "plant_based_food": {"val": 68.0, "ts": 1777146693.7481058}, "quantum_computing": {"val": 1.098901098901099, "ts": 1777146699.685589}, "space_tourism": {"val": 1.098901098901099, "ts": 1777146705.3226006}, "ev_adoption": {"val": 1.098901098901099, "ts": 1777146710.3561106}}